codificacao,descritor,descricao,fonte
SAEB_9EF,D1,representações gráficas. Identificar propriedades comuns e diferenças entre figuras bidimensionais e,sedu_es_9ef
SAEB_9EF,D2,"tridimensionais, relacionando-as com as suas planificações. Identificar propriedades de triângulos pela comparação de medidas de lados e ângulos.",sedu_es_9ef
SAEB_9EF,D3,,sedu_es_9ef
SAEB_9EF,D4,"Identificar relação entre quadriláteros por meio de suas propriedades. Reconhecer a conservação ou modificação de medidas dos lados, do perímetro, da",sedu_es_9ef
SAEB_9EF,D5,"área em ampliação e/ou redução de figuras poligonais usando malhas quadriculadas. Reconhecer ângulos como mudança de direção ou giros, identificando ângulos retos e",sedu_es_9ef
SAEB_9EF,D6,não retos. Reconhecer que as imagens de uma figura construída por uma transformação,sedu_es_9ef
SAEB_9EF,D7,"homotética são semelhantes, identificando propriedades e/ou medidas que se modificam ou não se alteram. Resolver problema utilizando propriedades dos polígonos (soma de seus ângulos",sedu_es_9ef
SAEB_9EF,D8,"internos, número de diagonais, cálculo da medida de cada ângulo interno nos polígonos regulares).",sedu_es_9ef
SAEB_9EF,D9,Interpretar informações apresentadas por meio de coordenadas cartesianas.,sedu_es_9ef
SAEB_9EF,D10,Utilizar relações métricas do triângulo retângulo para resolver problemas significativos.,sedu_es_9ef
SAEB_9EF,D11,"Reconhecer círculo/circunferência, seus elementos e algumas de suas relações.",sedu_es_9ef
SAEB_9EF,D12,Resolver problema envolvendo o cálculo de perímetro de figuras planas.,sedu_es_9ef
SAEB_9EF,D13,Resolver problema envolvendo o cálculo de área de figuras planas.,sedu_es_9ef
SAEB_9EF,D14,Resolver problema envolvendo noções de volume.,sedu_es_9ef
SAEB_9EF,D15,Resolver problema utilizando relações entre diferentes unidades de medida.,sedu_es_9ef
SAEB_9EF,D16,Identificar a localização de números inteiros na reta numérica.,sedu_es_9ef
SAEB_9EF,D17,"Identificar a localização de números racionais na reta numérica. Efetuar cálculos com números inteiros, envolvendo as operações (adição, subtração,",sedu_es_9ef
SAEB_9EF,D18,"multiplicação, divisão, potenciação). Resolver problema com números naturais, envolvendo diferentes significados das",sedu_es_9ef
SAEB_9EF,D19,"operações (adição, subtração, multiplicação, divisão, potenciação). Resolver problema com números inteiros envolvendo as operações (adição, subtração,",sedu_es_9ef
SAEB_9EF,D20,"multiplicação, divisão, potenciação).",sedu_es_9ef
SAEB_9EF,D21,Reconhecer as diferentes representações de um número racional. Identificar fração como representação que pode estar associada a diferentes,sedu_es_9ef
SAEB_9EF,D22,significados.,sedu_es_9ef
SAEB_9EF,D23,"Identificar frações equivalentes. Reconhecer as representações decimais dos números racionais como uma extensão do sistema de numeração decimal, identificando a existência de “ordens” como décimos,",sedu_es_9ef
SAEB_9EF,D24,"centésimos e milésimos. Efetuar cálculos que envolvam operações com números racionais (adição, subtração,",sedu_es_9ef
SAEB_9EF,D25,"multiplicação, divisão, potenciação). Resolver problema com números racionais envolvendo as operações (adição,",sedu_es_9ef
SAEB_9EF,D26,"subtração, multiplicação, divisão, potenciação).",sedu_es_9ef
SAEB_9EF,D27,Efetuar cálculos simples com valores aproximados de radicais.,sedu_es_9ef
SAEB_9EF,D28,"Resolver problema que envolva porcentagem. Resolver problema que envolva variação proporcional, direta ou inversa, entre",sedu_es_9ef
SAEB_9EF,D29,grandezas.,sedu_es_9ef
SAEB_9EF,D30,Calcular o valor numérico de uma expressão algébrica.,sedu_es_9ef
SAEB_9EF,D31,Resolver problema que envolva equação do 2º grau. Identificar a expressão algébrica que expressa uma regularidade observada em,sedu_es_9ef
SAEB_9EF,D32,sequências de números ou figuras (padrões).,sedu_es_9ef
SAEB_9EF,D33,Identificar uma equação ou inequação do 1º grau que expressa um problema.,sedu_es_9ef
SAEB_9EF,D34,Identificar um sistema de equações do 1º grau que expressa um problema. Identificar a relação entre as representações algébrica e geométrica de um sistema de,sedu_es_9ef
SAEB_9EF,D35,equações do 1º grau.,sedu_es_9ef
SAEB_9EF,D36,Resolver problema envolvendo informações apresentadas em tabelas e/ou gráficos. Associar informações apresentadas em listas e/ou tabelas simples aos gráficos que as,sedu_es_9ef
SAEB_9EF,D37,representam e vice-versa.,sedu_es_9ef
PAEBES_M,D014_M,RECONHECER CARACTERÍSTICAS DO SISTEMA DE NUMERAÇÃO DECIMAL.,sedu_ama5_2023t1
PAEBES_M,D002_M,CORRESPONDER NÚMEROS NATURAIS A PONTOS DA RETA NUMÉRICA.,sedu_ama5_2023t1
PAEBES_M,D022_M,"UTILIZAR NÚMEROS NATURAIS, ENVOLVENDO DIFERENTES SIGNIFICADOS DA ADIÇÃO OU DA SUBTRAÇÃO, NA RESOLUÇÃO DE PROBLEMAS.",sedu_ama5_2023t1
PAEBES_M,D044_M,IDENTIFICAR A LOCALIZAÇÃO OU A MOVIMENTAÇÃO DE PESSOAS OU OBJETOS EM UMA REPRESENTAÇÃO PLANA DO ESPAÇO.,sedu_ama5_2023t1
PAEBES_M,D005_M,IDENTIFICAR COMPOSIÇÕES OU DECOMPOSIÇÕES DE NÚMEROS NATURAIS.,sedu_ama5_2023t1
PAEBES_M,D023_M,"UTILIZAR NÚMEROS NATURAIS, ENVOLVENDO DIFERENTES SIGNIFICADOS DA MULTIPLICAÇÃO OU DA DIVISÃO, NA RESOLUÇÃO DE PROBLEMAS.",sedu_ama5_2023t1
PAEBES_M,D114_M,"NUM PROBLEMA, ESTABELECER TROCAS ENTRE CÉDULAS E MOEDAS DO SISTEMA MONETÁRIO BRASILEIRO, EM FUNÇÃO DE SEUS VALORES.",sedu_ama5_2023t1
PAEBES_M,D011_M,IDENTIFICAR FRAÇÃO COMO REPRESENTAÇÃO QUE PODE ESTAR ASSOCIADA A DIFERENTES SIGNIFICADOS.,sedu_ama5_2023t1
PAEBES_M,D106_M,EXECUTAR A MEDIÇÃO DE GRANDEZAS POR MEIO DE MEDIDAS CONVENCIONAIS OU NÃO.,sedu_ama5_2023t1
PAEBES_M,D060_M,UTILIZAR CONVERSÃO ENTRE DIFERENTES UNIDADES DE MEDIDAS NA RESOLUÇÃO DE PROBLEMA.,sedu_ama5_2023t1
PAEBES_M,D022_M,"Utilizar números naturais, envolvendo diferentes significados da adição ou da subtração, na resolução de problemas.",sedu_ama5_2024t3
PAEBES_M,D023_M,"Utilizar números naturais, envolvendo diferentes significados da multiplicação ou da divisão, na resolução de problemas.",sedu_ama5_2024t3
PAEBES_M,D024_M,"Resolver problema com números racionais, envolvendo diferentes significados das operações.",sedu_ama5_2024t3
PAEBES_M,D042_M,Utilizar o princípio multiplicativo de contagem na resolução de problema.,sedu_ama5_2024t3
PAEBES_M,D113_M,"Reconhecer a conservação ou modificação de medidas dos lados, do perímetro, da área em ampliação e/ou redução de figuras poligonais usando malhas quadriculadas.",sedu_ama5_2024t3
PAEBES_M,D013_M,Reconhecer as diferentes representações de um número racional.,sedu_ama5_2025t3
PAEBES_M,D065_M,Resolver problema envolvendo noções de probabilidade.,sedu_ama5_2025t3
PAEBES_M,D111_M,Relacionar diferentes poliedros ou corpos redondos com suas planificações ou vistas.,sedu_ama5_2025t3
PAEBES_M,D112_M,"Identificar propriedades comuns e diferenças entre figuras bidimensionais pelo número de lados, pelos tipos de ângulos.",sedu_ama5_2025t3
PAEBES_M,D113_M,"Reconhecer a conservação ou modificação de medidas dos lados, do perímetro, da área em ampliação e/ou redução de figuras poligonais usando malhas quadriculadas.",sedu_ama5_2025t3
