fonte,descritor,numero,gabarito
sedu_es_9ef,D1,1,D
sedu_es_9ef,D1,2,C
sedu_es_9ef,D1,3,D
sedu_es_9ef,D1,4,A
sedu_es_9ef,D2,1,D
sedu_es_9ef,D2,2,C
sedu_es_9ef,D2,3,B
sedu_es_9ef,D2,4,C
sedu_es_9ef,D3,1,C
sedu_es_9ef,D3,2,A
sedu_es_9ef,D3,3,C
sedu_es_9ef,D3,4,A
sedu_es_9ef,D4,1,D
sedu_es_9ef,D4,2,A
sedu_es_9ef,D4,3,A
sedu_es_9ef,D4,4,B
sedu_es_9ef,D5,1,D
sedu_es_9ef,D5,2,A
sedu_es_9ef,D5,3,A
sedu_es_9ef,D5,4,B
sedu_es_9ef,D6,1,A
sedu_es_9ef,D6,2,C
sedu_es_9ef,D6,3,A
sedu_es_9ef,D6,4,C
sedu_es_9ef,D7,1,C
sedu_es_9ef,D7,2,D
sedu_es_9ef,D7,3,A
sedu_es_9ef,D7,4,B
sedu_es_9ef,D8,1,A
sedu_es_9ef,D8,2,A
sedu_es_9ef,D8,3,B
sedu_es_9ef,D8,4,C
sedu_es_9ef,D9,1,B
sedu_es_9ef,D9,2,B
sedu_es_9ef,D9,3,D
sedu_es_9ef,D9,4,C
sedu_es_9ef,D10,1,B
sedu_es_9ef,D10,2,A
sedu_es_9ef,D10,3,A
sedu_es_9ef,D10,4,A
sedu_es_9ef,D11,2,C
sedu_es_9ef,D11,3,D
sedu_es_9ef,D11,4,B
sedu_es_9ef,D12,1,C
sedu_es_9ef,D12,2,C
sedu_es_9ef,D12,3,D
sedu_es_9ef,D12,4,C
sedu_es_9ef,D13,1,A
sedu_es_9ef,D13,2,C
sedu_es_9ef,D13,3,C
sedu_es_9ef,D13,4,D
sedu_es_9ef,D14,1,D
sedu_es_9ef,D14,2,A
sedu_es_9ef,D14,3,A
sedu_es_9ef,D14,4,D
sedu_es_9ef,D15,1,C
sedu_es_9ef,D15,2,B
sedu_es_9ef,D15,3,C
sedu_es_9ef,D15,4,B
sedu_es_9ef,D16,1,B
sedu_es_9ef,D16,2,A
sedu_es_9ef,D16,3,C
sedu_es_9ef,D16,4,A
sedu_es_9ef,D17,1,D
sedu_es_9ef,D17,2,B
sedu_es_9ef,D17,3,C
sedu_es_9ef,D17,4,B
sedu_es_9ef,D18,1,C
sedu_es_9ef,D18,2,B
sedu_es_9ef,D18,3,C
sedu_es_9ef,D18,4,B
sedu_es_9ef,D19,1,A
sedu_es_9ef,D19,2,C
sedu_es_9ef,D19,3,C
sedu_es_9ef,D19,4,C
sedu_es_9ef,D20,1,D
sedu_es_9ef,D20,2,C
sedu_es_9ef,D20,3,C
sedu_es_9ef,D20,4,C
sedu_es_9ef,D21,1,D
sedu_es_9ef,D21,2,B
sedu_es_9ef,D21,3,D
sedu_es_9ef,D21,4,A
sedu_es_9ef,D22,1,D
sedu_es_9ef,D22,2,A
sedu_es_9ef,D22,3,B
sedu_es_9ef,D22,4,A
sedu_es_9ef,D23,1,D
sedu_es_9ef,D23,2,B
sedu_es_9ef,D23,3,A
sedu_es_9ef,D23,4,A
sedu_es_9ef,D24,1,D
sedu_es_9ef,D24,2,D
sedu_es_9ef,D24,3,A
sedu_es_9ef,D24,4,D
sedu_es_9ef,D25,1,B
sedu_es_9ef,D25,2,D
sedu_es_9ef,D25,3,C
sedu_es_9ef,D25,4,B
sedu_es_9ef,D26,1,A
sedu_es_9ef,D26,2,B
sedu_es_9ef,D26,3,A
sedu_es_9ef,D26,4,B
sedu_es_9ef,D27,1,A
sedu_es_9ef,D27,2,A
sedu_es_9ef,D27,3,C
sedu_es_9ef,D27,4,C
sedu_es_9ef,D28,1,C
sedu_es_9ef,D28,2,D
sedu_es_9ef,D28,3,C
sedu_es_9ef,D28,4,A
sedu_es_9ef,D29,1,B
sedu_es_9ef,D29,2,D
sedu_es_9ef,D29,3,A
sedu_es_9ef,D29,4,D
sedu_es_9ef,D30,1,B
sedu_es_9ef,D30,2,C
sedu_es_9ef,D30,3,B
sedu_es_9ef,D30,4,B
sedu_es_9ef,D31,1,C
sedu_es_9ef,D31,2,C
sedu_es_9ef,D31,3,C
sedu_es_9ef,D31,4,C
sedu_es_9ef,D32,1,C
sedu_es_9ef,D32,2,D
sedu_es_9ef,D32,3,C
sedu_es_9ef,D32,4,D
sedu_es_9ef,D33,1,B
sedu_es_9ef,D33,2,C
sedu_es_9ef,D33,3,D
sedu_es_9ef,D33,4,C
sedu_es_9ef,D34,1,D
sedu_es_9ef,D34,2,C
sedu_es_9ef,D34,3,B
sedu_es_9ef,D34,4,D
sedu_es_9ef,D35,1,D
sedu_es_9ef,D35,2,B
sedu_es_9ef,D35,3,D
sedu_es_9ef,D35,4,C
sedu_es_9ef,D36,1,A
sedu_es_9ef,D36,2,B
sedu_es_9ef,D36,3,B
sedu_es_9ef,D36,4,B
sedu_es_9ef,D37,1,C
sedu_es_9ef,D37,2,D
sedu_es_9ef,D37,3,B
sedu_es_9ef,D37,4,B
sedu_ama5_2023t1,D014_M,1,C
sedu_ama5_2023t1,D014_M,2,A
sedu_ama5_2023t1,D014_M,3,C
sedu_ama5_2023t1,D002_M,1,C
sedu_ama5_2023t1,D002_M,2,B
sedu_ama5_2023t1,D002_M,3,B
sedu_ama5_2023t1,D022_M,1,B
sedu_ama5_2023t1,D022_M,2,D
sedu_ama5_2023t1,D022_M,3,B
sedu_ama5_2023t1,D044_M,1,B
sedu_ama5_2023t1,D044_M,2,D
sedu_ama5_2023t1,D044_M,3,D
sedu_ama5_2023t1,D005_M,1,C
sedu_ama5_2023t1,D005_M,2,B
sedu_ama5_2023t1,D005_M,3,B
sedu_ama5_2023t1,D023_M,1,B
sedu_ama5_2023t1,D023_M,2,D
sedu_ama5_2023t1,D023_M,3,C
sedu_ama5_2023t1,D114_M,1,C
sedu_ama5_2023t1,D114_M,2,C
sedu_ama5_2023t1,D114_M,3,D
sedu_ama5_2023t1,D011_M,1,C
sedu_ama5_2023t1,D011_M,2,C
sedu_ama5_2023t1,D011_M,3,D
sedu_ama5_2023t1,D106_M,1,D
sedu_ama5_2023t1,D106_M,2,A
sedu_ama5_2023t1,D106_M,3,C
sedu_ama5_2023t1,D060_M,1,A
sedu_ama5_2023t1,D060_M,2,A
sedu_ama5_2023t1,D060_M,3,D
sedu_ama5_2024t3,D022_M,1,A
sedu_ama5_2024t3,D022_M,2,A
sedu_ama5_2024t3,D022_M,3,C
sedu_ama5_2024t3,D023_M,1,D
sedu_ama5_2024t3,D023_M,2,C
sedu_ama5_2024t3,D023_M,3,B
sedu_ama5_2024t3,D024_M,1,A
sedu_ama5_2024t3,D024_M,2,D
sedu_ama5_2024t3,D024_M,3,A
sedu_ama5_2024t3,D042_M,1,D
sedu_ama5_2024t3,D042_M,2,C
sedu_ama5_2024t3,D042_M,3,C
sedu_ama5_2024t3,D113_M,1,C
sedu_ama5_2024t3,D113_M,2,B
sedu_ama5_2024t3,D113_M,3,D
sedu_ama5_2025t3,D013_M,1,B
sedu_ama5_2025t3,D013_M,2,B
sedu_ama5_2025t3,D013_M,3,C
sedu_ama5_2025t3,D013_M,4,C
sedu_ama5_2025t3,D013_M,5,D
sedu_ama5_2025t3,D013_M,6,B
sedu_ama5_2025t3,D013_M,7,B
sedu_ama5_2025t3,D013_M,8,C
sedu_ama5_2025t3,D065_M,1,D
sedu_ama5_2025t3,D065_M,2,D
sedu_ama5_2025t3,D065_M,3,C
sedu_ama5_2025t3,D065_M,4,C
sedu_ama5_2025t3,D065_M,5,C
sedu_ama5_2025t3,D065_M,6,D
sedu_ama5_2025t3,D111_M,1,C
sedu_ama5_2025t3,D111_M,2,C
sedu_ama5_2025t3,D111_M,3,D
sedu_ama5_2025t3,D111_M,4,C
sedu_ama5_2025t3,D111_M,5,D
sedu_ama5_2025t3,D111_M,6,A
sedu_ama5_2025t3,D112_M,1,D
sedu_ama5_2025t3,D112_M,2,C
sedu_ama5_2025t3,D112_M,3,D
sedu_ama5_2025t3,D112_M,4,A
sedu_ama5_2025t3,D112_M,5,B
sedu_ama5_2025t3,D112_M,6,B
sedu_ama5_2025t3,D113_M,1,C
sedu_ama5_2025t3,D113_M,2,A
sedu_ama5_2025t3,D113_M,3,B
sedu_ama5_2025t3,D113_M,4,D
sedu_ama5_2025t3,D113_M,5,C
sedu_ama5_2025t3,D113_M,6,D
