item_id,categoria,acerto_no_top3,referencia,previstas_top3,ano_prevista,enunciado
sedu_ama9_2023t1-D011_M-01,unidade temática diferente,False,EF06MA07|EF07MA08|EF07MA09,EF02MA20|EF01MA19|EF04MA10,2º,"No Brasil, ¾ da população vive na zona urbana. De que outra forma podemos representar essa fração?"
sedu_ama9_2023t1-D011_M-03,mesma unidade temática,False,EF06MA07|EF07MA08|EF07MA09,EF06MA08|EF05MA04|EF06MA09,6º,A fração 3/100 corresponde ao número decimal
sedu_ama9_2023t1-D013_M-01,unidade temática diferente,False,EF07MA10,EF05MA04|EF04MA10|EF05MA05,5º,"A professora de 4ª série, corrigindo as avaliações da classe, viu que Pedro acertou 2/10 das questões. Represente esse número, usando a sua representação decimal."
sedu_ama9_2023t1-D013_M-02,mesma unidade temática,False,EF07MA10,EF06MA15|EF07MA09|EF07MA08,6º,"Mirian vende doces no trabalho. Em um dia, ela levou 30 doces e vendeu 25. Qual é a fração que representa a razão entre a quantidade vendida e o total de doces levados por Mirian nesse dia?"
sedu_ama9_2023t1-D013_M-03,mesma unidade temática,False,EF07MA10,EF05MA12|EF06MA09|EF08MA20,5º,"Mariana usou 0,5 litro de leite em uma receita de vitamina de frutas. Qual é a fração que representa essa quantidade de leite que Mariana usou nessa receita?"
sedu_ama9_2023t1-D024_M-01,mesma unidade temática,False,EF06MA11|EF07MA12,EF07MA09|EF06MA34|EF06MA23,7º,"A estrada que liga Recife a Caruaru será recuperada em três etapas. Na primeira etapa, será recuperada ⅙ da estrada e na segunda etapa ¼ da estrada. Uma fração que corresponde a terceira etapa é"
sedu_ama9_2023t1-D029_M-01,mesma unidade temática,False,EF08MA02|EF09MA02|EF09MA03,EF06MA12|EM13MAT314|EF09MA18,6º,"Para ligar a energia elétrica em seu apartamento, Felipe contratou um eletricista para medir a distância do poste da rede elétrica até seu imóvel. Essa distância foi representada, em metros, pela expressão: (2√10+6√17)m. Para fazer a ligação, a quantidade de fio a ser usado é duas vezes a medida fornecida por essa expressão. Nessas condições, Felipe comprará aproximadamente:"
sedu_ama9_2023t1-D035_M-02,etapa posterior (EM),False,EF07MA04|EF08MA01|EF09MA03,EM13MAT503|EF06MA30|EF04MA01,EM,"Num cinema, há 12 fileiras com 16 poltronas e 15 fileiras com 18 poltronas. O número total de poltronas é:"
sedu_ama9_2023t1-D035_M-03,unidade temática diferente,False,EF07MA04|EF08MA01|EF09MA03,EF03MA23|EF04MA22|EF08MA03,3º,"A Rua Patos do Sul é muito movimentada. Em um minuto passam, aproximadamente, 16 carros. Como 1 hora tem 60 minutos, quantos carros, aproximadamente, passam pela Rua Patos do Sul durante 2 horas?"
sedu_ama9_2023t1-D038_M-01,unidade temática diferente,False,EF07MA02|EF08MA04|EF09MA05,EF05MA12|EF02MA07|EF01MA03,5º,"Alberto comprou uma televisão por R$ 750,00 para pagar em duas parcelas. A primeira parcela que corresponde a 40% do preço da televisão, ele pagou à vista. Quanto Alberto pagou pela primeira parcela?"
sedu_ama9_2023t1-D038_M-03,unidade temática diferente,False,EF07MA02|EF08MA04|EF09MA05,EF04MA25|EF03MA24|EF05MA12,4º,"Marina quer comprar uma mochila que custa R$ 60,00, mas, para pagamento à vista, a loja oferece um desconto de 5%. Se Marina optar pelo pagamento à vista, ela vai pagar"
sedu_ama9_2023t1-D039_M-01,unidade temática diferente,False,EF07MA17|EF08MA13|EF09MA08,EF03MA23|EF09MA07|EF03MA18,3º,"A especificação técnica de uma impressora para a velocidade de impressão é dada pelo fabricante como 30 páginas por minuto, em preto e branco e 21 páginas coloridas por minuto. Uma gráfica utilizou essa impressora para fazer uma impressão de 420 páginas no modo preto e branco, levando 14 minutos. Qual será o tempo para realizar essa mesma impressão utilizando essa mesma impressora no modo colorido?"
sedu_ama9_2023t1-D039_M-02,unidade temática diferente,False,EF07MA17|EF08MA13|EF09MA08,EF03MA24|EF02MA20|EF01MA19,3º,"Para viajar aos Estados Unidos, Luísa foi a uma casa de câmbio trocar reais em dólar. Ela trocou 725 reais, recebendo o equivalente a 250 dólares. Após seu retorno ao Brasil, sobraram-lhe 50 dólares, que ela trocou novamente em reais. Mantendo o mesmo valor do dólar em ambas as trocas, quantos reais ela recebeu?"
sedu_ama9_2023t1-D039_M-03,unidade temática diferente,False,EF07MA17|EF08MA13|EF09MA08,EF03MA23|EF04MA22|EF02MA03,3º,"Um frasco de soro demora 2 horas para ser ministrado em um paciente, caso seja utilizado um gotejamento de 12 gotas por minuto. Se o número de gotas por minuto fosse 18, quanto tempo levaria para ministrar essa mesma quantidade de soro?"
sedu_ama9_2025t3g-D060_M-04,mesma unidade temática,False,EF06MA24|EF07MA29,EF08MA20|EF08MA21|EF04MA25,8º,"Uma garrafa de refrigerante tem 1,5 litros de capacidade. Para comprarmos 9 litros deste refrigerante, devemos pedir"
sedu_ama9_2025t3g-D060_M-06,mesma unidade temática,False,EF06MA24|EF07MA29,EF03MA23|EF08MA20|EF02MA19,3º,Uma torneira desperdiça 125 ml de água durante 1 hora. Quantos litros de água desperdiçará em 24 horas?
sedu_ama9_2025t3g-D060_M-07,unidade temática diferente,False,EF06MA24|EF07MA29,EF07MA26|EF02MA04|EF03MA06,7º,"O triátlon é um esporte composto por três modalidades: natação, ciclismo e corrida. Na cidade das Flores, será realizado um triátlon, em que os participantes terão que nadar 750 m, seguido de 20 km de ciclismo e, por último, 5000 m de corrida. Uma atleta que consegue completar as três etapas dessa competição percorreu:"
sedu_ama9_2025t3g-D060_M-08,etapa posterior (EM),False,EF06MA24|EF07MA29,EM13MAT315|EF08MA20|EF07MA37,EM,"Com o refrigerante contido em uma garrafa de 2 litros, é possível encher:"
sedu_ama9_2025t3g-D060_M-09,etapa posterior (EM),False,EF06MA24|EF07MA29,EM13MAT314|EF06MA34|EF01MA18,EM,"Uma empresa de transporte de combustível dispõe de três tipos de caminhões com diferentes capacidades para transportar seu produto. Na primeira semana do mês, o caminhão com capacidade de 9m³ fez 10 viagens com sua capacidade máxima; o caminhão com capacidade de 15m³ fez 5 viagens com sua capacidade máxima, e o caminhão com capacidade de 21m³ fez 3 viagens com capacidade máxima. Quantos litros de combustível foram transportados nessa semana pelos três caminhões?"
sedu_ama9_2025t3g-D060_M-10,mesma unidade temática,False,EF06MA24|EF07MA29,EF06MA28|EM13MAT201|EM13MAT307,6º,Um reservatório de água distribui cada dia cerca de 60.000 mℓ de água para cada casa de uma comunidade. Assim uma residência receberá água por dia cerca de
sedu_ama9_2026int-D039_M-01,unidade temática diferente,False,EF07MA17|EF08MA13|EF09MA08,EF01MA17|EF02MA18|EF01MA18,1º,"Uma fábrica possui 3 máquinas, cada uma produzindo 2.000 bombons por dia. Considerando que a fábrica funciona 6 dias por semana, qual é a produção semanal total?"
sedu_ama9_2026int-D039_M-02,unidade temática diferente,False,EF07MA17|EF08MA13|EF09MA08,EF01MA17|EF02MA18|EF05MA10,1º,"Uma obra seria concluída em 12 dias por 6 trabalhadores, todos com o mesmo rendimento. Se forem contratados 9 trabalhadores com o mesmo ritmo, em quantos dias a obra será concluída?"
sedu_ama9_2026int-D039_M-03,unidade temática diferente,False,EF07MA17|EF08MA13|EF09MA08,EF07MA22|EF05MA12|EF06MA12,7º,"Em uma padaria, o padeiro utiliza em sua receita, 3 kg de farinha para fazer 120 pães. Quantos quilos de farinha serão necessários para fazer 200 pães?"
sedu_ama9_2026int-D058_M-01,mesma unidade temática,False,EF06MA29|EF07MA31|EF07MA32|EF08MA19,EF08MA21|EM13MAT309|EF07MA30,8º,"A escola vai realizar uma plotagem com fotos dos estudantes em uma das paredes do refeitório. O espaço disponível para a plotagem tem formato retangular, com 6 metros de largura e 1,5 metro de altura. Sabendo que o valor cobrado pelo serviço é de R$ 100,00 por metro quadrado (m²), qual será o valor total pago pela escola?"
sedu_ama9_2026int-D058_M-03,unidade temática diferente,False,EF06MA29|EF07MA31|EF07MA32|EF08MA19,EF07MA25|EF01MA14|EF04MA21,7º,"Em um evento, foi montada uma estrutura decorativa em formato triangular, com base de 10 m e altura de 6 m. Qual é a área dessa estrutura?"
sedu_ama9_2026t1-D010_M-03,unidade temática diferente,False,EF06MA11|EF07MA11|EF07MA12,EF04MA25|EF03MA24|EF05MA20,4º,"Um turista estava no Espírito Santo e decidiu visitar algumas cachoeiras. Nesse passeio, ele gastou R$25,30 com transporte e R$42,80 com alimentação. Ele tinha apenas uma nota de R$ 100,00. Qual foi o valor do seu troco ao fim do dia?"
sedu_ama9_2026t1-D020_M-01,unidade temática diferente,False,EF07MA03|EF07MA04,EF03MA24|EF09MA03|EF08MA06,3º,"Durante um jogo no estádio Kleber Andrade, em Cariacica, um vendedor de picolés que estava na porta do estádio começou o dia com um saldo negativo de R$123,00, valor que pagou na compra de 90 picolés. Sabendo que ele vendia cada picolé a R$5,00 e que, ao final do dia, conseguiu vender todos os picolés, qual foi o lucro obtido por esse vendedor?"
sedu_ama9_2026t1-D020_M-02,unidade temática diferente,False,EF07MA03|EF07MA04,EF08MA11|EF08MA10|EF02MA19,8º,"No Campeonato Capixaba de Futebol (Capixabão), a Desportiva Ferroviária iniciou a rodada com um saldo de -3 gols. No jogo seguinte, o time venceu por 4 a 1. Sabendo que o saldo de gols é a diferença entre gols marcados e gols sofridos, qual passou a ser o saldo de gols da Desportiva após essa vitória?"
sedu_ama9_2026t1-D020_M-04,unidade temática diferente,False,EF07MA03|EF07MA04,EF04MA24|EF04MA23|EF03MA23,4º,"No inverno de Domingos Martins, na região serrana, a temperatura costuma cair drasticamente durante a noite. Em um determinado dia, a temperatura era de 12°C às 20h. A partir daí, a temperatura caiu 3°C por hora durante as 5 horas seguintes. Qual foi a temperatura registrada ao final dessas 5 horas?"
sedu_ama9_2026t1-D020_M-05,unidade temática diferente,False,EF07MA03|EF07MA04,EF04MA25|EF03MA24|EF01MA18,4º,"Uma pequena loja de artesanato no Mercado da Capixaba, em Vitória, teve um início de mês movimentado. O proprietário começou a semana com um saldo de R$ 450,00 em sua conta empresarial. Durante a semana, ele realizou as seguintes movimentações: 1.Pagamento de fornecedor de panelas de barro: - R$ 600,00. 2.Venda de kits de lembranças capixabas: + R$ 320,00. 3.Taxa de manutenção da conta: - R$ 50,00. Ao final dessas operações, qual o saldo atual da conta?"
sedu_ama9_2026t1-D021_M-01,mesma unidade temática,False,EF07MA03|EF07MA10,EF01MA04|EF01MA05|EF07MA21,1º,"Na aula de Arte, os estudantes de uma escola em Colatina desenharam uma reta numérica no pátio. O estudante João se posicionou no número -12. O professor pediu para a estudante Sofia se posicionar no número oposto ao de João. Em qual ponto da reta Sofia deve ficar?"
sedu_ama9_2026t3-D013_M-06,unidade temática diferente,False,EF07MA10,EF05MA04|EF07MA12|EF06MA10,5º,"A representação percental do número racional 0,673 é"
sedu_ama9_2026t3-D038_M-03,unidade temática diferente,False,EF07MA02|EF08MA04|EF09MA05,EF03MA24|EF04MA23|EF01MA19,3º,"Os registros de bullying e cyberbullying contra crianças e adolescentes no Brasil cresceram 67,3% em 2025 na comparação com o ano anterior, segundo o 20º Anuário Brasileiro de Segurança Pública, divulgado pelo Fórum Brasileiro de Segurança Pública (FBSP) [...]. https://g1.globo.com/politica/noticia/2026/07/23/bullying-e-cyberbullying-anuario-seguranca-publica.ghtml Sabendo que, em 2025, foram registrados 5226 ocorrências, quantas foram registradas em 2024?"
sedu_ama9_2026t3-D039_M-03,unidade temática diferente,False,EF07MA17|EF08MA13|EF09MA08,EF07MA36|EF06MA32|EM13MAT104,7º,"Em 2022, foi gerado 1,05 bilhão de toneladas de resíduos alimentares, que inclui partes não comestíveis, totalizando 132 quilos per capita e quase um quinto de todos os alimentos disponíveis para os consumidores. Enquanto 783 milhões de pessoas foram afetadas pela fome e um terço da humanidade enfrentou insegurança alimentar, domicílios de todos os continentes desperdiçaram mais de 1 bilhão de refeições por dia em 2022. As informações são do Relatório do Índice de Desperdício de Alimentos 2024. Fonte: https://news.un.org/pt/story/2024/03/1829741 Com base nas informações de desperdicío de alimentos no ano de 2022, com 365 dias, apresentado pela Organização das Nações Unidas (Onu), qual é a quantidade de alimento desperdiçado a cada trimestre, de 90 dias?"
sedu_ama9_2026t3-D039_M-04,unidade temática diferente,False,EF07MA17|EF08MA13|EF09MA08,EF01MA17|EF02MA18|EF03MA23,1º,"Segundo a análise mensal da cesta básica de alimentos, elaborada pela Companhia Nacional de Abastecimento (Conab) e pelo Departamento Intersindical de Estatística e Estudos Socioeconômicos (DIEESE), “Em agosto de 2026, o tempo médio necessário para adquirir os produtos da cesta básica nas 27 capitais pesquisadas foi de 98 horas e 37 minutos [...]” Fonte: https://www.dieese.org.br/analisecestabasica/2026/202608cestabasica.html Considerando uma jornada de trabalho de 40h semanais, sendo trabalhadas 8h por dia, em 5 dias da semana, quantos dias uma pessoa precisaria trabalhar para adquirir os itens da cesta básica?"
sedu_ama9_2026t3-D081_M-05,unidade temática diferente,False,EF07MA14|EF07MA16|EF08MA06,EF03MA24|EF02MA02|EF04MA25,3º,"Lucas começou a guardar dinheiro em um cofre para comprar um videogame. Mês 1° 2° 3° 4° Valor R$50,00 R$85,00 R$120,00 R$155,00 Mantido esse padrão de economia mensal, a expressão que representa a quantidade total de dinheiro D guardada no mês n é:"
sedu_ama9_2026t3-D087_M-04,unidade temática diferente,False,EF08MA09|EF09MA09,EF06MA29|EF06MA30|EF05MA22,6º,"O número de cadeiras em cada fileira de um auditório excede em 4 o número total de fileiras. Se o auditório possui ao todo 221 cadeiras distribuídas igualmente nessas fileiras, quantas fileiras esse auditório possui?"
sedu_ama9_2026t3-D120_M-03,unidade temática diferente,False,EF07MA18,EF03MA06|EF08MA11|EF02MA02,3º,"Aline dispõe de R$ 1 500,00 para contratar uma banda musical que irá tocar em sua festa de aniversário. Essa banda cobra um valor fixo de R$ 300,00, acrescido de R$ 2,00 por convidado presente na festa. Uma inequação que permite determinar a quantidade máxima q de convidados que poderão estar presentes nessa festa é"
sedu_es_9ef-D04-01,mesma unidade temática,False,EF06MA20,EF05MA18|EF06MA21|EF06MA29,5º,Isabel ampliou uma fotografia de 3cm de largura por 4cm de comprimento. O único par de medidas que podem corresponder as da foto ampliada é:
sedu_es_9ef-D08-01,mesma unidade temática,False,EF07MA24,EF07MA27|EF07MA25|EF08MA15,7º,"Um arquiteto deseja construir um mosaico de ladrilhos. Ele escolheu um modelo de ladrilho com o formato de um pentágono regular, porém devido à medida dos ângulos internos desse polígono, ele precisou de ladrilhos de outros formatos para compor esse mosaico. A medida do ângulo interno do ladrilho de formato pentagonal regular é"
sedu_es_9ef-D08-03,mesma unidade temática,False,EF07MA24,EF08MA16|EF07MA27|EF08MA15,8º,Um polígono regular possui a medida do ângulo central igual a 40º. Esse polígono é formado por:
sedu_es_9ef-D11-02,unidade temática diferente,False,EF07MA22,EF07MA33|EF09MA16|EM13MAT309,7º,"Exatamente no centro de uma mesa redonda com 1m de raio, foi colocado um prato de 30 cm de diâmetro, com doces e salgados para uma festa de final de ano. Qual a distância entre a borda desse prato e a borda da mesa?"
sedu_es_9ef-D12-02,unidade temática diferente,False,EF06MA29|EF09MA16,EF07MA33|EF08MA19|EF07MA22,7º,Qual é o comprimento de uma circunferência que possui 6 cm de raio?
sedu_es_9ef-D14-03,mesma unidade temática,False,EF09MA19,EF08MA21|EF08MA20|EF07MA30,8º,"Devido ao aumento na venda de bancadas de mármore e granito, o dono de uma marmoraria instalou em seu estabelecimento outra caixa d’água, com formato de paralelepípedo retângulo, cujas medidas internas são: 1,7 m de comprimento, 1,5 m de largura e 5,6 m de altura. Qual é o volume interno dessa caixa d’água?"
sedu_es_9ef-D15-01,etapa posterior (EM),False,EF06MA24|EF07MA29,EM13MAT314|EF02MA02|EF03MA20,EM,"Foram descarregados em um porto 7,8 toneladas de equipamentos eletrônicos e 4 500 quilogramas de materiais elétricos, importados por uma empresa. A quantidade total desses produtos, em quilogramas, é igual a"
sedu_es_9ef-D15-02,etapa posterior (EM),False,EF06MA24|EF07MA29,EM13MAT106|EF03MA18|EF06MA15,EM,"O médico de Laura receitou um antibiótico para tratar uma infecção de garganta. O tratamento de Laura consiste em tomar 1 comprimido de 500 mg duas vezes ao dia, durante 10 dias. Quantos gramas desse antibiótico Laura deverá tomar durante esse tratamento?"
sedu_es_9ef-D15-03,mesma unidade temática,False,EF06MA24|EF07MA29,EF03MA24|EF01MA03|EM13MAT510,3º,"Pedro vai comprar 2 litros de refrigerante. Ao chegar ao supermercado, a garrafa de refrigerante de 500 ml estava na promoção. Pedro precisa comprar quantas garrafas de 500 ml para levar os dois litros de refrigerantes que ele precisa?"
sedu_es_9ef-D18-02,unidade temática diferente,False,EF07MA03|EF07MA04,EF08MA06|EF02MA01|EF02MA03,8º,"Sendo N = (–3)² – 3², então, o valor de N é:"
sedu_es_9ef-D18-03,mesma unidade temática,False,EF07MA03|EF07MA04,EF07MA09|EF08MA06|EF07MA16,7º,Ao resolver corretamente a expressão: –1 – (–5)·(–3) + (–4)³ : (–4) O resultado é
sedu_es_9ef-D18-04,unidade temática diferente,False,EF07MA03|EF07MA04,EF08MA06|EM13MAT315|EF09MA09,8º,A professora solicitou a um aluno que resolvesse a seguinte expressão: N = (– 4)² – 4².
sedu_es_9ef-D19-01,etapa posterior (EM),False,EF06MA03,EM13MAT201|EF03MA24|EM13MAT510,EM,"Uma companhia aérea possui um programa de fidelidade segundo o qual os clientes acumulam pontos ao dar preferência para ela em suas viagens, podendo trocá-los, no futuro, por passagens aéreas ou descontos, de acordo com a promoção vigente. Joaquim, que participa desse programa, deseja adquirir uma passagem aérea dessa companhia utilizando seus pontos acumulados e foi informado de que, para isso, precisaria ter 33 684 pontos. Ele verificou que já possui 18 945 pontos acumulados em sua conta. Quantos pontos Joaquim ainda precisa acumular em sua conta para adquirir essa passagem aérea?"
sedu_es_9ef-D19-02,unidade temática diferente,False,EF06MA03,EF03MA24|EF02MA03|EF02MA02,3º,"Uma loja de sapatos anunciou a seguinte promoção: “Na compra de três pares de tênis, o de menor valor sai pela metade do preço.” André aproveitou essa promoção e comprou 3 pares de tênis para seus filhos que custaram 112 reais, 98 reais e 138 reais. A quantia que André pagou por essa compra foi"
sedu_es_9ef-D19-03,unidade temática diferente,False,EF06MA03,EF05MA13|EF02MA03|EF02MA02,5º,"No mês de janeiro foi feita uma liquidação em uma loja. Um rapaz comprou duas calças de 94 reais cada, três camisas de 65 reais cada, um tênis de 125 reais, um boné e uma sandália de 49 reais cada um. Desse total, o rapaz pagou 156 reais à vista e o restante dividiu em 3 vezes sem juros no cartão. Qual foi o valor pago em cada uma dessas parcelas?"
sedu_es_9ef-D19-04,mesma unidade temática,False,EF06MA03,EF05MA09|EF06MA30|EF03MA27,5º,"Para uma festa de aniversário, Nélia comprou 200 salgados, sendo que, desse total, 110 são coxinhas, 50 são quibes e o restante são empadas. Quantas empadas, ao todo, Nélia comprou para essa festa de aniversário?"
sedu_es_9ef-D20-01,unidade temática diferente,False,EF07MA04|EF08MA01|EF09MA03,EF04MA24|EF04MA23|EF05MA19,4º,Pedro viajou para Buenos Aires e no dia em que chegou a temperatura máxima registrada foi de 11 °C e a mínima foi de – 3 °C. Qual foi a variação da temperatura em Buenos Aires nesse dia?
sedu_es_9ef-D20-02,mesma unidade temática,False,EF07MA04|EF08MA01|EF09MA03,EF02MA03|EF05MA09|EF02MA06,2º,"Em um campeonato de futebol, um time obtém 3 pontos a cada gol marcado e perde 2 pontos a cada gol sofrido. Esse time jogou três partidas nesse campeonato. Na primeira, ele marcou 3 gols e sofreu 1, na segunda, empatou por 2 a 2 e, na terceira, sofreu um gol e não marcou nenhum. Quantos pontos no total esse time obteve nessas três partidas?"
sedu_es_9ef-D20-03,unidade temática diferente,False,EF07MA04|EF08MA01|EF09MA03,EF03MA24|EF09MA02|EF08MA05,3º,"Paulo abriu uma conta corrente com crédito de cheque especial e nela fez um depósito de 300 reais. Ele emitiu 2 cheques, um no valor de 200 reais e outro de 300 reais. Considerando que não houve nenhuma outra transação na conta de Paulo nesse período, seu saldo após a compensação desses cheques é de"
sedu_es_9ef-D20-04,unidade temática diferente,False,EF07MA04|EF08MA01|EF09MA03,EF04MA23|EF02MA19|EF05MA19,4º,"Num determinado dia, numa cidade do Rio Grande do Sul, o termômetro marcava, às 7 horas da manhã, – 2 °C. Às dez horas da manhã do mesmo dia, o termômetro marcava 10°C. Quanto variou a temperatura, em °C, dessa cidade nesse intervalo de tempo?"
sedu_es_9ef-D21-03,unidade temática diferente,False,EF07MA10,EF08MA20|EF03MA18|EF08MA21,8º,"Uma empresa petrolífera processa em sua refinaria 1,7 milhões de barris por dia. Ela pretende aumentar sua capacidade para 2,342 milhões de barris por dia. Qual é, em milhões de barris por dia, a diferença entre a capacidade atual e a que ela pretende alcançar?"
sedu_es_9ef-D22-03,unidade temática diferente,False,EF06MA07|EF07MA08|EF07MA09,EF03MA23|EF06MA24|EF05MA19,3º,"Uma massa de bolo precisa ser batida durante 1/4 de hora, ou seja, durante:"
sedu_es_9ef-D22-04,mesma unidade temática,False,EF06MA07|EF07MA08|EF07MA09,EF01MA03|EF02MA03|EF05MA20,1º,"Paula comprou dois potes de sorvete, ambos com a mesma quantidade do produto. Um dos potes continha quantidades iguais dos sabores chocolate, creme e morango; e o outro quantidades iguais dos sabores chocolate e baunilha. Então, é CORRETO afirmar que, nessa compra, a fração correspondente à quantidade de sorvete do sabor chocolate foi"
sedu_es_9ef-D23-01,unidade temática diferente,False,EF06MA07|EF07MA10,EF06MA14|EF06MA30|EF09MA12,6º,"Carlos, Adriana, Paulo e Joana participaram de uma olimpíada de Matemática. Do total de questões propostas. Carlos acertou 2/4 , Adriana acertou 3/4 , Paulo acertou 3/8 e Joana acertou 6/8 . Houve empate entre dois deles. Quais participantes acertaram o mesmo número de questões."
sedu_es_9ef-D24-01,unidade temática diferente,False,EF06MA02,EF08MA20|EF09MA03|EF09MA04,8º,"Um posto de combustível colocou um cartaz anunciando o preço da gasolina por 2,206 reais o litro. Isso significa que o posto vende a gasolina a 2 reais e:"
sedu_es_9ef-D24-02,mesma unidade temática,False,EF06MA02,EF03MA02|EF04MA02|EF05MA02,3º,"O número decimal que é decomposto em 5 + 0,06 + 0,002 é"
sedu_es_9ef-D24-03,mesma unidade temática,False,EF06MA02,EF04MA02|EF03MA02|EF01MA07,4º,"O número decimal 2,401 pode ser decomposto em:"
sedu_es_9ef-D25-04,unidade temática diferente,False,EF06MA11|EF07MA11|EF07MA12,EF08MA06|EF04MA05|EF06MA23,8º,"Fazendo-se as operações indicadas em 0,74 + 0,5 – 1,5 obtém-se:"
sedu_es_9ef-D26-01,mesma unidade temática,False,EF06MA11|EF07MA12,EF05MA09|EF06MA12|EF07MA30,5º,"Vanessa comprou 2,3 metros de tecido para fazer um vestido. Ela gastou apenas 1,5 metro desse tecido para confeccionar o vestido. Quantos metros desse tecido sobraram?"
sedu_es_9ef-D26-02,unidade temática diferente,False,EF06MA11|EF07MA12,EF06MA29|EM13MAT201|EF09MA01,6º,"Uma torre de celular de 9,5 metros de altura vai ser ampliada para atender melhor e mais pessoas. O engenheiro encarregado de projetar a mudança calculou que para atender a região desejada pela operadora, seria necessário ampliar a altura da torre já existente, essa altura seria a altura original elevada ao quadrado (9,5²). Qual a nova altura da torre de celular?"
sedu_es_9ef-D26-03,unidade temática diferente,False,EF06MA11|EF07MA12,EF03MA24|EF04MA25|EF05MA12,3º,"Dona Florinda compra uma dúzia de um certo produto por R$ 162,00 e vende cada unidade por R$ 15,50. Comprando e vendendo 20 dessas unidades ela terá"
sedu_es_9ef-D28-02,unidade temática diferente,False,EF07MA02|EF08MA04|EF09MA05,EF03MA20|EF02MA17|EF02MA06,3º,"Na semana passada, o quilograma do feijão em um supermercado custava R$ 3,50. Nesta semana, o preço desse feijão sofreu um acréscimo de 20%. Quanto passou a custar o quilograma do feijão nesse supermercado?"
sedu_es_9ef-D28-03,unidade temática diferente,False,EF07MA02|EF08MA04|EF09MA05,EF04MA25|EF03MA24|EF04MA15,4º,"Júnior comprou uma chuteira em uma promoção com 15% de desconto. Antes dessa promoção, a chuteira custava R$ 320,00. Qual foi o valor pago por Júnior ao comprar essa chuteira?"
sedu_es_9ef-D28-04,unidade temática diferente,False,EF07MA02|EF08MA04|EF09MA05,EF04MA25|EF09MA18|EF04MA15,4º,"Em uma determinada loja, um tipo de computador, no valor de 800 reais, foi vendido em uma promoção com um desconto de 15%. Esse computador foi vendido por"
sedu_es_9ef-D29-01,unidade temática diferente,False,EF07MA17|EF08MA13|EF09MA08,EF05MA09|EF03MA20|EF02MA03,5º,"Na embalagem de certa barra de chocolate, consta que, em cada 100 gramas de chocolate, há 18 gramas de açúcar. Júlia comprou uma barra de 250 gramas desse chocolate. Quantos gramas de açúcar contém essa barra que Júlia comprou?"
sedu_es_9ef-D29-02,unidade temática diferente,False,EF07MA17|EF08MA13|EF09MA08,EF06MA12|EF06MA13|EF05MA09,6º,"Margarida gastou 10 kg de limão para fazer 30 litros de limonada. Mantendo essa proporção, quantos litros de limonada Margarida poderá fazer com 50 kg de limão?"
sedu_es_9ef-D29-03,mesma unidade temática,False,EF07MA17|EF08MA13|EF09MA08,EF09MA07|EF03MA23|EF02MA18,9º,"Com velocidade média de 60 km/h, um automóvel gastou 3 horas para percorrer o trajeto entre duas cidades. Aumentando a velocidade média desse veículo para 90 km/h, qual seria o tempo gasto para percorrer o mesmo trajeto?"
sedu_es_9ef-D29-04,unidade temática diferente,False,EF07MA17|EF08MA13|EF09MA08,EF02MA03|EF06MA13|EF05MA09,2º,"Para fazer 15 picolés, Marta usa 750 ml de uma mistura de chocolate. Utilizando essa mesma proporção, para fazer 20 picolés, quantos ml dessa mistura Marta deve usar?"
sedu_es_9ef-D30-04,unidade temática diferente,False,EF08MA06,EF06MA17|EF05MA12|EF03MA24,6º,"O preço do quilo de carne em um açougue é dado pela função p = 9x – 3, sendo x a quantidade de quilos de carne comprada. O preço de 7 quilos de carne é"
sedu_es_9ef-D31-03,mesma unidade temática,True,EF08MA09|EF09MA09,EF08MA07|EF08MA09|EF07MA18,8º,A equação x² – 6x = 0
sedu_es_9ef-D31-04,unidade temática diferente,False,EF08MA09|EF09MA09,EF01MA06|EF09MA03|EF09MA04,1º,"Em uma empresa do ramo da construção civil, o custo de produção, milhares de reais, de n caçambas iguais é calculado pela expressão C(n)= n² – n + 10. Se o custo foi de 66 mil reais, então, o número de caçambas utilizadas na produção foi"
sedu_es_9ef-D33-01,mesma unidade temática,False,EF07MA18,EF08MA06|EF03MA24|EF08MA07,8º,"Se a mãe de Murilo triplicar o valor pago de sua mesada e descontar 5 reais, ele ficará com R$ 40,00. Uma equação que expressa essa situação é"
