configuracao,unidade_tematica,itens,acuracia_top1,acuracia_top3
Heurística,Geometria,7,0.2857142857142857,0.2857142857142857
Heurística,Grandezas e medidas,12,0.0,0.0
Heurística,Números,40,0.025,0.05
Heurística,Álgebra,25,0.12,0.16
Semântica,Geometria,7,0.0,0.14285714285714285
Semântica,Grandezas e medidas,12,0.0,0.0
Semântica,Números,40,0.0,0.05
Semântica,Álgebra,25,0.0,0.04
Combinada,Geometria,7,0.2857142857142857,0.2857142857142857
Combinada,Grandezas e medidas,12,0.0,0.0
Combinada,Números,40,0.025,0.025
Combinada,Álgebra,25,0.04,0.08
