ano_item,configuracao,ano_previsto,itens
5º,Heurística,8,5
5º,Heurística,10,4
5º,Heurística,3,3
5º,Heurística,4,3
5º,Heurística,5,3
5º,Heurística,1,2
5º,Heurística,7,1
5º,Heurística,2,1
5º,Heurística,9,1
5º,Semântica,4,5
5º,Semântica,5,4
5º,Semântica,1,3
5º,Semântica,6,3
5º,Semântica,8,3
5º,Semântica,3,2
5º,Semântica,2,2
5º,Semântica,10,1
5º,Combinada,3,4
5º,Combinada,4,4
5º,Combinada,5,4
5º,Combinada,8,3
5º,Combinada,2,3
5º,Combinada,1,2
5º,Combinada,7,1
5º,Combinada,10,1
5º,Combinada,9,1
9º,Heurística,3,13
9º,Heurística,6,13
9º,Heurística,8,10
9º,Heurística,10,10
9º,Heurística,1,10
9º,Heurística,7,9
9º,Heurística,4,7
9º,Heurística,5,6
9º,Heurística,2,5
9º,Heurística,9,5
9º,Semântica,3,16
9º,Semântica,8,15
9º,Semântica,2,14
9º,Semântica,4,10
9º,Semântica,1,9
9º,Semântica,7,7
9º,Semântica,10,6
9º,Semântica,6,6
9º,Semântica,5,3
9º,Semântica,9,2
9º,Combinada,3,18
9º,Combinada,8,14
9º,Combinada,6,11
9º,Combinada,5,9
9º,Combinada,7,9
9º,Combinada,4,9
9º,Combinada,10,7
9º,Combinada,1,6
9º,Combinada,2,3
9º,Combinada,9,2
