configuracao,ano_item,itens,margem_q1,margem_mediana,margem_q3,ambiguos,empates_top1
Heurística,5º,23,0.1291775,0.253977,0.339388,0.13043478260869565,1
Heurística,9º,45,0.088652,0.205122,0.301797,0.17777777777777778,1
Heurística,total,67,0.0934545,0.220961,0.3081285,0.16417910447761194,2
Semântica,5º,23,0.0213725,0.039602,0.0677345,0.5652173913043478,0
Semântica,9º,45,0.02572,0.047776,0.076658,0.5111111111111111,0
Semântica,total,67,0.023981000000000002,0.042415,0.0764645,0.5373134328358209,0
Combinada,5º,23,0.0554215,0.121094,0.2519525,0.21739130434782608,0
Combinada,9º,45,0.037135,0.083148,0.170564,0.28888888888888886,0
Combinada,total,67,0.047800499999999996,0.114122,0.174308,0.2537313432835821,0
