codificacao,descritor,habilidade,ano_aplicacao,unidade_tematica_doc,documento,pagina,observacao,na_bncc
PAEBES_M,D009_M,EF06MA08,9,Números,detalhamento_paebes2025_saeb2001_9ano.pdf,4,,True
PAEBES_M,D009_M,EF07MA10,9,Números,detalhamento_paebes2025_saeb2001_9ano.pdf,4,,True
PAEBES_M,D010_M,EF06MA11,9,Números,detalhamento_paebes2025_saeb2001_9ano.pdf,5,,True
PAEBES_M,D010_M,EF07MA11,9,Números,detalhamento_paebes2025_saeb2001_9ano.pdf,5,habilidade com adaptação /ES no documento,True
PAEBES_M,D010_M,EF07MA12,9,Números,detalhamento_paebes2025_saeb2001_9ano.pdf,5,habilidade com adaptação /ES no documento,True
PAEBES_M,D011_M,EF06MA07,9,Números,detalhamento_paebes2025_saeb2001_9ano.pdf,6,,True
PAEBES_M,D011_M,EF07MA09,9,Números,detalhamento_paebes2025_saeb2001_9ano.pdf,6,,True
PAEBES_M,D011_M,EF07MA08,9,Números,detalhamento_paebes2025_saeb2001_9ano.pdf,6,,True
PAEBES_M,D012_M,EF06MA07,9,Números,detalhamento_paebes2025_saeb2001_9ano.pdf,7,,True
PAEBES_M,D012_M,EF07MA10,9,Números,detalhamento_paebes2025_saeb2001_9ano.pdf,7,,True
PAEBES_M,D013_M,EF07MA10,9,Álgebra,detalhamento_paebes2025_saeb2001_9ano.pdf,8,,True
PAEBES_M,D018_M,EF08MA06,9,Álgebra,detalhamento_paebes2025_saeb2001_9ano.pdf,9,,True
PAEBES_M,D020_M,EF07MA03,9,Números,detalhamento_paebes2025_saeb2001_9ano.pdf,10,,True
PAEBES_M,D020_M,EF07MA04,9,Números,detalhamento_paebes2025_saeb2001_9ano.pdf,10,habilidade com adaptação /ES no documento,True
PAEBES_M,D021_M,EF07MA03,9,Números,detalhamento_paebes2025_saeb2001_9ano.pdf,11,,True
PAEBES_M,D021_M,EF07MA10,9,Números,detalhamento_paebes2025_saeb2001_9ano.pdf,11,,True
PAEBES_M,D024_M,EF06MA11,9,Números,detalhamento_paebes2025_saeb2001_9ano.pdf,12,,True
PAEBES_M,D024_M,EF07MA12,9,Números,detalhamento_paebes2025_saeb2001_9ano.pdf,12,habilidade com adaptação /ES no documento,True
PAEBES_M,D029_M,EF08MA02,9,Números,detalhamento_paebes2025_saeb2001_9ano.pdf,13,,True
PAEBES_M,D029_M,EF09MA02,9,Números,detalhamento_paebes2025_saeb2001_9ano.pdf,13,,True
PAEBES_M,D029_M,EF09MA03,9,Números,detalhamento_paebes2025_saeb2001_9ano.pdf,13,habilidade com adaptação /ES no documento,True
PAEBES_M,D035_M,EF07MA04,9,Números,detalhamento_paebes2025_saeb2001_9ano.pdf,14,habilidade com adaptação /ES no documento,True
PAEBES_M,D035_M,EF08MA01,9,Números,detalhamento_paebes2025_saeb2001_9ano.pdf,14,,True
PAEBES_M,D035_M,EF09MA03,9,Números,detalhamento_paebes2025_saeb2001_9ano.pdf,14,habilidade com adaptação /ES no documento,True
PAEBES_M,D038_M,EF07MA02,9,Números,detalhamento_paebes2025_saeb2001_9ano.pdf,15,,True
PAEBES_M,D038_M,EF08MA04,9,Números,detalhamento_paebes2025_saeb2001_9ano.pdf,15,habilidade com adaptação /ES no documento,True
PAEBES_M,D038_M,EF09MA05,9,Números,detalhamento_paebes2025_saeb2001_9ano.pdf,15,habilidade com adaptação /ES no documento,True
PAEBES_M,D038_M,EF09MA24,9,Números,detalhamento_paebes2025_saeb2001_9ano.pdf,15,"habilidade exclusiva do Currículo do ES, fora da BNCC",False
PAEBES_M,D039_M,EF07MA17,9,Álgebra,detalhamento_paebes2025_saeb2001_9ano.pdf,16,,True
PAEBES_M,D039_M,EF08MA13,9,Álgebra,detalhamento_paebes2025_saeb2001_9ano.pdf,16,habilidade com adaptação /ES no documento,True
PAEBES_M,D039_M,EF09MA08,9,Álgebra,detalhamento_paebes2025_saeb2001_9ano.pdf,16,,True
PAEBES_M,D043_M,EF06MA16,9,Geometria,detalhamento_paebes2025_saeb2001_9ano.pdf,17,habilidade com adaptação /ES no documento,True
PAEBES_M,D043_M,EF09MA16,9,Geometria,detalhamento_paebes2025_saeb2001_9ano.pdf,17,,True
PAEBES_M,D044_M,EF06MA16,9,Geometria,detalhamento_paebes2025_saeb2001_9ano.pdf,18,habilidade com adaptação /ES no documento,True
PAEBES_M,D049_M,EF09MA13,9,Geometria,detalhamento_paebes2025_saeb2001_9ano.pdf,19,,True
PAEBES_M,D049_M,EF09MA14,9,Geometria,detalhamento_paebes2025_saeb2001_9ano.pdf,19,habilidade com adaptação /ES no documento,True
PAEBES_M,D049_M,EF09MA25,9,Geometria,detalhamento_paebes2025_saeb2001_9ano.pdf,19,"habilidade exclusiva do Currículo do ES, fora da BNCC",False
PAEBES_M,D057_M,EF06MA29,9,Geometria,detalhamento_paebes2025_saeb2001_9ano.pdf,20,,True
PAEBES_M,D057_M,EF09MA16,9,Geometria,detalhamento_paebes2025_saeb2001_9ano.pdf,20,,True
PAEBES_M,D058_M,EF07MA31,9,Grandezas e medidas,detalhamento_paebes2025_saeb2001_9ano.pdf,21,,True
PAEBES_M,D058_M,EF06MA29,9,Grandezas e medidas,detalhamento_paebes2025_saeb2001_9ano.pdf,21,,True
PAEBES_M,D058_M,EF07MA32,9,Grandezas e medidas,detalhamento_paebes2025_saeb2001_9ano.pdf,21,,True
PAEBES_M,D058_M,EF08MA19,9,Grandezas e medidas,detalhamento_paebes2025_saeb2001_9ano.pdf,21,,True
PAEBES_M,D060_M,EF06MA24,9,Grandezas e medidas,detalhamento_paebes2025_saeb2001_9ano.pdf,22,,True
PAEBES_M,D060_M,EF07MA29,9,Grandezas e medidas,detalhamento_paebes2025_saeb2001_9ano.pdf,22,habilidade com adaptação /ES no documento,True
PAEBES_M,D062_M,EF09MA19,9,Grandezas e medidas,detalhamento_paebes2025_saeb2001_9ano.pdf,23,,True
PAEBES_M,D063_M,EF06MA31,9,Probabilidade e estatística,detalhamento_paebes2025_saeb2001_9ano.pdf,24,,True
PAEBES_M,D063_M,EF08MA23,9,Probabilidade e estatística,detalhamento_paebes2025_saeb2001_9ano.pdf,24,,True
PAEBES_M,D063_M,EF08MA26,9,Probabilidade e estatística,detalhamento_paebes2025_saeb2001_9ano.pdf,24,,True
PAEBES_M,D064_M,EF09MA21,9,Probabilidade e estatística,detalhamento_paebes2025_saeb2001_9ano.pdf,25,,True
PAEBES_M,D077_M,EF08MA06,9,Álgebra,detalhamento_paebes2025_saeb2001_9ano.pdf,26,,True
PAEBES_M,D077_M,EF08MA08,9,Álgebra,detalhamento_paebes2025_saeb2001_9ano.pdf,26,,True
PAEBES_M,D077_M,EF08MA14,9,Álgebra,detalhamento_paebes2025_saeb2001_9ano.pdf,26,,True
PAEBES_M,D081_M,EF07MA14,9,Álgebra,detalhamento_paebes2025_saeb2001_9ano.pdf,27,,True
PAEBES_M,D081_M,EF07MA16,9,Álgebra,detalhamento_paebes2025_saeb2001_9ano.pdf,27,,True
PAEBES_M,D081_M,EF08MA06,9,Álgebra,detalhamento_paebes2025_saeb2001_9ano.pdf,27,,True
PAEBES_M,D087_M,EF08MA09,9,Álgebra,detalhamento_paebes2025_saeb2001_9ano.pdf,28,,True
PAEBES_M,D087_M,EF09MA26,9,Álgebra,detalhamento_paebes2025_saeb2001_9ano.pdf,28,"habilidade exclusiva do Currículo do ES, fora da BNCC",False
PAEBES_M,D087_M,EF09MA09,9,Álgebra,detalhamento_paebes2025_saeb2001_9ano.pdf,28,,True
PAEBES_M,D111_M,EF09MA17,9,Geometria,detalhamento_paebes2025_saeb2001_9ano.pdf,29,,True
PAEBES_M,D113_M,EF06MA29,9,Grandezas e medidas,detalhamento_paebes2025_saeb2001_9ano.pdf,30,,True
PAEBES_M,D113_M,EF08MA19,9,Grandezas e medidas,detalhamento_paebes2025_saeb2001_9ano.pdf,30,,True
PAEBES_M,D116_M,EF07MA37,9,Geometria,detalhamento_paebes2025_saeb2001_9ano.pdf,31,,True
PAEBES_M,D116_M,EF07MA24,9,Geometria,detalhamento_paebes2025_saeb2001_9ano.pdf,31,,True
PAEBES_M,D116_M,EF09MA12,9,Geometria,detalhamento_paebes2025_saeb2001_9ano.pdf,31,,True
PAEBES_M,D117_M,EF06MA20,9,Geometria,detalhamento_paebes2025_saeb2001_9ano.pdf,32,,True
PAEBES_M,D118_M,EF07MA24,9,Geometria,detalhamento_paebes2025_saeb2001_9ano.pdf,33,,True
PAEBES_M,D120_M,EF07MA18,9,Álgebra,detalhamento_paebes2025_saeb2001_9ano.pdf,34,,True
PAEBES_M,D121_M,EF07MA22,9,Geometria,detalhamento_paebes2025_saeb2001_9ano.pdf,35,,True
PAEBES_M,D144_M,EF06MA25,9,Geometria,detalhamento_paebes2025_saeb2001_9ano.pdf,36,,True
PAEBES_M,D144_M,EF06MA26,9,Geometria,detalhamento_paebes2025_saeb2001_9ano.pdf,36,,True
PAEBES_M,D144_M,EF06MA27,9,Geometria,detalhamento_paebes2025_saeb2001_9ano.pdf,36,,True
PAEBES_M,D148_M,EF06MA03,9,Números,detalhamento_paebes2025_saeb2001_9ano.pdf,37,,True
PAEBES_M,D154_M,EF08MA08,9,Álgebra,detalhamento_paebes2025_saeb2001_9ano.pdf,38,,True
SAEB_9EF,D24,EF06MA02,9,Números,detalhamento_paebes2025_saeb2001_9ano.pdf,40,habilidade com adaptação /ES no documento,True
PAEBES_M,D153_M,EF05MA24,5,,material_prof_5ano_mat_2tri_2026.pdf,5,habilidade com adaptação /ES no documento,True
PAEBES_M,D108_M,EF05MA24,5,,material_prof_5ano_mat_2tri_2026.pdf,5,habilidade com adaptação /ES no documento,True
PAEBES_M,D009_M,EF05MA05,5,,material_prof_5ano_mat_2tri_2026.pdf,6,,True
PAEBES_M,D038_M,EF05MA06,5,,material_prof_5ano_mat_2tri_2026.pdf,6,,True
PAEBES_M,D111_M,EF05MA16,5,,material_prof_5ano_mat_2tri_2026.pdf,7,habilidade com adaptação /ES no documento,True
PAEBES_M,D112_M,EF05MA17,5,,material_prof_5ano_mat_2tri_2026.pdf,7,habilidade com adaptação /ES no documento,True
PAEBES_M,D117_M,EF05MA17,5,,material_prof_5ano_mat_2tri_2026.pdf,7,habilidade com adaptação /ES no documento,True
