codificacao_origem,descritor_origem,codificacao_destino,descritor_destino,documento,pagina
SAEB_9EF,D17,PAEBES_M,D009_M,detalhamento_paebes2025_saeb2001_9ano.pdf,4
SAEB_9EF,D25,PAEBES_M,D010_M,detalhamento_paebes2025_saeb2001_9ano.pdf,5
SAEB_9EF,D22,PAEBES_M,D011_M,detalhamento_paebes2025_saeb2001_9ano.pdf,6
SAEB_9EF,D23,PAEBES_M,D012_M,detalhamento_paebes2025_saeb2001_9ano.pdf,7
SAEB_9EF,D21,PAEBES_M,D013_M,detalhamento_paebes2025_saeb2001_9ano.pdf,8
SAEB_9EF,D30,PAEBES_M,D018_M,detalhamento_paebes2025_saeb2001_9ano.pdf,9
SAEB_9EF,D18,PAEBES_M,D020_M,detalhamento_paebes2025_saeb2001_9ano.pdf,10
SAEB_9EF,D16,PAEBES_M,D021_M,detalhamento_paebes2025_saeb2001_9ano.pdf,11
SAEB_9EF,D26,PAEBES_M,D024_M,detalhamento_paebes2025_saeb2001_9ano.pdf,12
SAEB_9EF,D20,PAEBES_M,D035_M,detalhamento_paebes2025_saeb2001_9ano.pdf,14
SAEB_9EF,D28,PAEBES_M,D038_M,detalhamento_paebes2025_saeb2001_9ano.pdf,15
SAEB_9EF,D29,PAEBES_M,D039_M,detalhamento_paebes2025_saeb2001_9ano.pdf,16
SAEB_9EF,D9,PAEBES_M,D043_M,detalhamento_paebes2025_saeb2001_9ano.pdf,17
SAEB_9EF,D1,PAEBES_M,D044_M,detalhamento_paebes2025_saeb2001_9ano.pdf,18
SAEB_9EF,D10,PAEBES_M,D049_M,detalhamento_paebes2025_saeb2001_9ano.pdf,19
SAEB_9EF,D12,PAEBES_M,D057_M,detalhamento_paebes2025_saeb2001_9ano.pdf,20
SAEB_9EF,D13,PAEBES_M,D058_M,detalhamento_paebes2025_saeb2001_9ano.pdf,21
SAEB_9EF,D15,PAEBES_M,D060_M,detalhamento_paebes2025_saeb2001_9ano.pdf,22
SAEB_9EF,D14,PAEBES_M,D062_M,detalhamento_paebes2025_saeb2001_9ano.pdf,23
SAEB_9EF,D37,PAEBES_M,D063_M,detalhamento_paebes2025_saeb2001_9ano.pdf,24
SAEB_9EF,D36,PAEBES_M,D064_M,detalhamento_paebes2025_saeb2001_9ano.pdf,25
SAEB_9EF,D34,PAEBES_M,D077_M,detalhamento_paebes2025_saeb2001_9ano.pdf,26
SAEB_9EF,D32,PAEBES_M,D081_M,detalhamento_paebes2025_saeb2001_9ano.pdf,27
SAEB_9EF,D31,PAEBES_M,D087_M,detalhamento_paebes2025_saeb2001_9ano.pdf,28
SAEB_9EF,D2,PAEBES_M,D111_M,detalhamento_paebes2025_saeb2001_9ano.pdf,29
SAEB_9EF,D5,PAEBES_M,D113_M,detalhamento_paebes2025_saeb2001_9ano.pdf,30
SAEB_9EF,D3,PAEBES_M,D116_M,detalhamento_paebes2025_saeb2001_9ano.pdf,31
SAEB_9EF,D4,PAEBES_M,D117_M,detalhamento_paebes2025_saeb2001_9ano.pdf,32
SAEB_9EF,D8,PAEBES_M,D118_M,detalhamento_paebes2025_saeb2001_9ano.pdf,33
SAEB_9EF,D33,PAEBES_M,D120_M,detalhamento_paebes2025_saeb2001_9ano.pdf,34
SAEB_9EF,D11,PAEBES_M,D121_M,detalhamento_paebes2025_saeb2001_9ano.pdf,35
SAEB_9EF,D6,PAEBES_M,D144_M,detalhamento_paebes2025_saeb2001_9ano.pdf,36
SAEB_9EF,D19,PAEBES_M,D148_M,detalhamento_paebes2025_saeb2001_9ano.pdf,37
SAEB_9EF,D35,PAEBES_M,D154_M,detalhamento_paebes2025_saeb2001_9ano.pdf,38
SAEB_9EF,D2,PAEBES_M,D111_M,CORRELACAO-DE-DESCRITORES-9-ANO-EF-Matematica-1.pdf,1
SAEB_9EF,D3,PAEBES_M,D116_M,CORRELACAO-DE-DESCRITORES-9-ANO-EF-Matematica-1.pdf,1
SAEB_9EF,D4,PAEBES_M,D117_M,CORRELACAO-DE-DESCRITORES-9-ANO-EF-Matematica-1.pdf,1
SAEB_9EF,D5,PAEBES_M,D113_M,CORRELACAO-DE-DESCRITORES-9-ANO-EF-Matematica-1.pdf,1
SAEB_9EF,D8,PAEBES_M,D118_M,CORRELACAO-DE-DESCRITORES-9-ANO-EF-Matematica-1.pdf,1
SAEB_9EF,D9,PAEBES_M,D048_M,CORRELACAO-DE-DESCRITORES-9-ANO-EF-Matematica-1.pdf,1
SAEB_9EF,D10,PAEBES_M,D049_M,CORRELACAO-DE-DESCRITORES-9-ANO-EF-Matematica-1.pdf,1
SAEB_9EF,D11,PAEBES_M,D121_M,CORRELACAO-DE-DESCRITORES-9-ANO-EF-Matematica-1.pdf,1
SAEB_9EF,D12,PAEBES_M,D057_M,CORRELACAO-DE-DESCRITORES-9-ANO-EF-Matematica-1.pdf,2
SAEB_9EF,D13,PAEBES_M,D058_M,CORRELACAO-DE-DESCRITORES-9-ANO-EF-Matematica-1.pdf,2
SAEB_9EF,D14,PAEBES_M,D062_M,CORRELACAO-DE-DESCRITORES-9-ANO-EF-Matematica-1.pdf,2
SAEB_9EF,D15,PAEBES_M,D060_M,CORRELACAO-DE-DESCRITORES-9-ANO-EF-Matematica-1.pdf,2
SAEB_9EF,D16,PAEBES_M,D021_M,CORRELACAO-DE-DESCRITORES-9-ANO-EF-Matematica-1.pdf,2
SAEB_9EF,D17,PAEBES_M,D009_M,CORRELACAO-DE-DESCRITORES-9-ANO-EF-Matematica-1.pdf,2
SAEB_9EF,D18,PAEBES_M,D020_M,CORRELACAO-DE-DESCRITORES-9-ANO-EF-Matematica-1.pdf,2
SAEB_9EF,D19,PAEBES_M,D035_M,CORRELACAO-DE-DESCRITORES-9-ANO-EF-Matematica-1.pdf,2
SAEB_9EF,D20,PAEBES_M,D035_M,CORRELACAO-DE-DESCRITORES-9-ANO-EF-Matematica-1.pdf,2
SAEB_9EF,D21,PAEBES_M,D013_M,CORRELACAO-DE-DESCRITORES-9-ANO-EF-Matematica-1.pdf,2
SAEB_9EF,D22,PAEBES_M,D011_M,CORRELACAO-DE-DESCRITORES-9-ANO-EF-Matematica-1.pdf,2
SAEB_9EF,D23,PAEBES_M,D012_M,CORRELACAO-DE-DESCRITORES-9-ANO-EF-Matematica-1.pdf,2
SAEB_9EF,D25,PAEBES_M,D010_M,CORRELACAO-DE-DESCRITORES-9-ANO-EF-Matematica-1.pdf,2
SAEB_9EF,D26,PAEBES_M,D024_M,CORRELACAO-DE-DESCRITORES-9-ANO-EF-Matematica-1.pdf,2
SAEB_9EF,D27,PAEBES_M,D029_M,CORRELACAO-DE-DESCRITORES-9-ANO-EF-Matematica-1.pdf,2
SAEB_9EF,D28,PAEBES_M,D038_M,CORRELACAO-DE-DESCRITORES-9-ANO-EF-Matematica-1.pdf,2
SAEB_9EF,D29,PAEBES_M,D042_M,CORRELACAO-DE-DESCRITORES-9-ANO-EF-Matematica-1.pdf,3
SAEB_9EF,D30,PAEBES_M,D018_M,CORRELACAO-DE-DESCRITORES-9-ANO-EF-Matematica-1.pdf,3
SAEB_9EF,D31,PAEBES_M,D122_M,CORRELACAO-DE-DESCRITORES-9-ANO-EF-Matematica-1.pdf,3
SAEB_9EF,D32,PAEBES_M,D081_M,CORRELACAO-DE-DESCRITORES-9-ANO-EF-Matematica-1.pdf,3
SAEB_9EF,D33,PAEBES_M,D120_M,CORRELACAO-DE-DESCRITORES-9-ANO-EF-Matematica-1.pdf,3
SAEB_9EF,D34,PAEBES_M,D077_M,CORRELACAO-DE-DESCRITORES-9-ANO-EF-Matematica-1.pdf,3
SAEB_9EF,D36,PAEBES_M,D064_M,CORRELACAO-DE-DESCRITORES-9-ANO-EF-Matematica-1.pdf,3
SAEB_9EF,D37,PAEBES_M,D063_M,CORRELACAO-DE-DESCRITORES-9-ANO-EF-Matematica-1.pdf,3
